Name,size,"time,sec","cpu,%","Mem,GB"
lapack_ch,100,0.01689,0.0,0.0
lapack_ch_clang,100,0.01047,0.0,0.0
lapack_lu_clang,100,0.02618,0.0,0.0
lapack_lu,100,0.02826,0.0,0.0
lapack_qr_clang,100,0.01547,0.0,0.0
mkl_ch,100,0.03764,0.0,0.0
lapack_qr,100,0.0125,0.0,0.0
mkl_ch_clang,100,0.06012,0.0,0.0
mkl_qr,100,0.05939,0.0,0.0
mkl_lu_clang,100,0.05182,0.0,0.0
num_ch,100,0.02419,0.0,0.0
mkl_qr_clang,100,0.05908,0.0,0.0
mkl_lu,100,0.04726,0.0,0.0
num_lu,100,0.02498,0.0,0.0
num_qr,100,0.02154,0.0,0.0
