Name,size,"time,sec","cpu,%","Mem,GB"
lapack_lu,500,0.05712,0.0,0.0
mkl_ch,500,0.04029,0.0,0.0
mkl_ch_clang,500,0.06833,0.0,0.0
lapack_qr_clang,500,0.03092,0.0,0.0
lapack_qr,500,0.03006,0.0,0.0
mkl_qr_clang,500,0.05674,0.0,0.0
mkl_lu_clang,500,0.08034,0.0,0.0
mkl_lu,500,0.05554,0.0,0.0
mkl_qr,500,0.05796,0.0,0.0
lapack_ch,500,0.0112,0.0,0.0
num_lu,500,0.04167,0.0,0.0
lapack_lu_clang,500,0.2563,3091.56,0.0
num_qr,500,0.06669,0.0,0.0
num_ch,500,0.03142,0.0,0.0
lapack_ch_clang,500,0.01154,0.0,0.0
